,title,directors,year,genre,runtime,theater,screen_date,screen_times,wiki_id,revenue,revenue_processed,cpi
0,Ghost Dog: The Way of the Samurai,Jim Jarmusch,1999,Crime,0 days 01:56:00,The Brattle,5/24/24,4:00 PM,https://en.wikipedia.org/wiki/Ghost_Dog:_The_Way_of_the_Samurai,$9.3 million,9.3,166.5833333
1,Big Trouble in Little China,John Carpenter,1986,Comedy,0 days 01:40:00,Coolidge Corner Theatre,5/24/24,11:59 PM,https://en.wikipedia.org/wiki/Big_Trouble_in_Little_China,$11.1 million,11.1,109.6916667
2,Young Frankenstein,Mel Brooks,1974,Comedy,0 days 01:46:00,The Brattle,5/25/24,12:00 PM,https://en.wikipedia.org/wiki/Young_Frankenstein,$86.2 million[3],86.2,49.31666667
3,Kind Hearts and Coronets,Robert Hamer,1949,Comedy,0 days 01:44:00,The Brattle,5/25/24,2:30 PM,https://en.wikipedia.org/wiki/Kind_Hearts_and_Coronets,"£224,853[1]",0.224853,23.80916667
4,Stop Making Sense,Jonathan Demme,1984,Documentary,0 days 01:28:00,The Brattle,5/25/24,10:00 PM,https://en.wikipedia.org/wiki/Stop_Making_Sense,"(Original 1984 Release) $5,389,431[2]
(2023 Re-Release) $6,915,675[3]

(Box Office Total) $12.4 million[4]",1984,103.9333333
5,Black Rain,Ridley Scott,1989,Drama,0 days 02:05:00,Coolidge Corner Theatre,5/25/24,11:59 PM,https://en.wikipedia.org/wiki/Black_Rain_(1989_American_film),$134.2 million[2],134.2,123.9416667
6,Ring,Hideo Nakata,1998,Horror,0 days 01:36:00,Somerville Theatre,5/25/24,11:59 PM,https://en.wikipedia.org/wiki/Ring_(film),$19.5 million (est.),19.5,163.0083333
7,Poetry,Lee Chang-dong,2010,Drama,0 days 02:19:00,Museum of Fine Arts,5/25/24,2:30 PM,https://en.wikipedia.org/wiki/Poetry_(film),US$2.2 million[1],2.2,218.0761667
8,On the Town,"Stanley Donen, Gene Kelly",1949,Music,0 days 01:38:00,The Brattle,5/26/24,12:00 PM,https://en.wikipedia.org/wiki/On_the_Town_(film),$4.4 million[2],4.4,23.80916667
9,Audition,Takashi Miike,1999,Horror,0 days 01:55:00,The Brattle,5/26/24,9:00 PM,https://en.wikipedia.org/wiki/Audition_(1999_film),"$131,296 (United States)[5]",0.131296,166.5833333
10,In a Lonely Place,Nicholas Ray,1950,Drama,0 days 01:34:00,Somerville Theatre,5/27/24,9:00 PM,https://en.wikipedia.org/wiki/In_a_Lonely_Place,$1.4 million[1],1.4,24.0625
11,Kind Hearts and Coronets,Robert Hamer,1949,Comedy,0 days 01:44:00,The Brattle,5/27/24,12:00 PM,https://en.wikipedia.org/wiki/Kind_Hearts_and_Coronets,"£224,853[1]",0.224853,23.80916667
12,All About My Mother,Pedro Almodóvar,1999,Comedy,0 days 01:41:00,The Brattle,5/27/24,2:30 PM,https://en.wikipedia.org/wiki/All_About_My_Mother,$67.8 million,67.8,166.5833333
13,Heathers,Michael Lehmann,1989,Comedy,0 days 01:43:00,Coolidge Corner Theatre,5/27/24,7:00 PM,https://en.wikipedia.org/wiki/Heathers,$1.1 million[6],1.1,123.9416667
14,"Sorry, Wrong Number",Anatole Litvak,1948,Thriller,0 days 01:29:00,Somerville Theatre,5/27/24,7:15 PM,"https://en.wikipedia.org/wiki/Sorry,_Wrong_Number",$2.8 million (U.S. rentals)[1],2.8,24.045
15,Spider-Man: Far From Home,Jon Watts,2019,Action,0 days 02:09:00,Coolidge Corner Theatre,5/27/24,9:30 PM,https://en.wikipedia.org/wiki/Spider-Man:_Far_From_Home,$1.133 billion[3],1133,255.6525833
16,Beau Travail,Claire Denis,2000,Drama,0 days 01:32:00,The Brattle,5/28/24,8:30 PM,https://en.wikipedia.org/wiki/Beau_Travail,"$570,000[1]",0.57,172.1916667
17,Whisper of the Heart,Yoshifumi Kondo,1995,Animation,0 days 01:51:00,Coolidge Corner Theatre,5/28/24,7:00 PM,https://en.wikipedia.org/wiki/Whisper_of_the_Heart,¥3.15 billion (Japan)[1],3150,152.3833333
18,A Woman Under the Influence,John Cassavetes,1974,Drama,0 days 02:35:00,The Brattle,5/29/24,4:00 PM,https://en.wikipedia.org/wiki/A_Woman_Under_the_Influence,$6.1 million (N. American rentals)[1][2],6.1,49.31666667
19,The Wind Rises,Hayao Miyazaki,2013,Drama,0 days 02:06:00,Coolidge Corner Theatre,5/29/24,7:00 PM,https://en.wikipedia.org/wiki/The_Wind_Rises,US$136.5 million[3][4],136.5,232.95175
20,Train to Busan,Yeon Sang-ho,2016,Horror,0 days 01:58:00,Museum of Fine Arts,5/30/24,7:00 PM,https://en.wikipedia.org/wiki/Train_to_Busan,$98.5 million[3],98.5,240.0054167
21,But I'm a Cheerleader,Jamie Babbit,2000,Comedy,0 days 01:25:00,The Brattle,5/30/24,5:00 PM,https://en.wikipedia.org/wiki/But_I'm_a_Cheerleader,$2.6 million[1],2.6,172.1916667
22,Freaky Friday,Mark Waters,2003,Comedy,0 days 01:37:00,Coolidge Corner Theatre,5/30/24,7:15 PM,https://en.wikipedia.org/wiki/Freaky_Friday_(2003_film),$160.8 million[3],160.8,184
23,Return to Reason: Four Films by Man Ray,Man Ray,2024,Drama,0 days 01:10:00,The Brattle,5/31/24,4:30 PM,https://en.wikipedia.org/wiki/Abigail_(2024_film),$42.4 million[4][5],42.4,312.513125
24,Snowpiercer,Bong Joon-ho,2013,Action,0 days 02:07:00,Museum of Fine Arts,5/31/24,7:00 PM,https://en.wikipedia.org/wiki/Snowpiercer,$86.8 million[9],86.8,232.95175
25,Darkman,Sam Raimi,1990,Action,0 days 01:35:00,Coolidge Corner Theatre,6/1/24,11:59 PM,https://en.wikipedia.org/wiki/Darkman,$48.8 million[4],48.8,130.6583333
26,Minari,Lee Isaac Chung,2021,Drama,0 days 01:55:00,Museum of Fine Arts,6/2/24,2:30 PM,https://en.wikipedia.org/wiki/Minari_(film),$15.5 million[4][5],15.5,270.9658333
27,12 Angry Men,Sidney Lumet,1957,Drama,0 days 01:37:00,Coolidge Corner Theatre,6/3/24,7:00 PM,https://en.wikipedia.org/wiki/12_Angry_Men_(1957_film),$2 million (rentals)[5],2,28.11333333
28,Spider-Man: No Way Home,Jon Watts,2021,Action,0 days 02:28:00,Coolidge Corner Theatre,6/3/24,9:30 PM,https://en.wikipedia.org/wiki/Spider-Man:_No_Way_Home,$1.927 billion[3][4],1927,270.9658333
29,Candyman,Bernard Rose,1992,Drama,0 days 01:40:00,The Brattle,6/4/24,4:45 PM,https://en.wikipedia.org/wiki/Candyman_(1992_film),$25.8 million (US)[2],25.8,140.3083333
30,Poison,Todd Haynes,1991,Horror,0 days 01:25:00,Coolidge Corner Theatre,6/4/24,7:00 PM,https://en.wikipedia.org/wiki/Poison_(1991_film),"$787,280[3]",0.78728,136.1666667
31,Get Out,Jordan Peele,2017,Mystery,0 days 01:44:00,The Brattle,6/4/24,7:00 PM,https://en.wikipedia.org/wiki/Get_Out,$255.4 million[1],255.4,245.121
32,Get Out,Jordan Peele,2017,Mystery,0 days 01:44:00,The Brattle,6/5/24,4:45 PM,https://en.wikipedia.org/wiki/Get_Out,$255.4 million[1],255.4,245.121
33,Rosemary's Baby,Roman Polanski,1968,Drama,0 days 02:18:00,The Brattle,6/5/24,7:00 PM,https://en.wikipedia.org/wiki/Rosemary's_Baby_(film),$33.4 million[2],33.4,34.79166667
34,Wayne's World,Penelope Spheeris,1992,Comedy,0 days 01:35:00,The Speedway,6/5/24,8:00 PM,https://en.wikipedia.org/wiki/Wayne's_World_(film),$183.1 million[1],183.1,140.3083333
35,Purple Rain,Albert Magnoli,1984,Drama,0 days 01:51:00,The Brattle,6/6/24,6:30 PM,https://en.wikipedia.org/wiki/Purple_Rain_(film),$70.3 million[4],70.3,103.9333333
36,Past Lives,Celine Song,2023,Drama,0 days 01:46:00,Museum of Fine Arts,6/6/24,7:00 PM,https://en.wikipedia.org/wiki/Past_Lives_(film),$42.5 million[4],42.5,304.70075
37,School Daze,Spike Lee,1988,Comedy,0 days 02:01:00,Museum of Fine Arts,6/7/24,7:00 PM,https://en.wikipedia.org/wiki/School_Daze,"$14,545,844[1]",0.145458,118.275
38,Teenage Mutant Ninja Turtles,Steve Barron,1990,SciFi,0 days 01:33:00,Coolidge Corner Theatre,6/7/24,11:59 PM,https://en.wikipedia.org/wiki/Teenage_Mutant_Ninja_Turtles_(1990_film),$202 million[3][4],202,130.6583333
39,Road to Boston,Kang Je-kyu,2023,Drama,0 days 01:53:00,Museum of Fine Arts,6/8/24,2:30 PM,https://en.wikipedia.org/wiki/Road_to_Boston,US$7.2 million[4],7.2,304.70075
40,Dick Tracy,Warren Beatty,1990,Adventure,0 days 01:45:00,Coolidge Corner Theatre,6/8/24,11:59 PM,https://en.wikipedia.org/wiki/Dick_Tracy_(1990_film),$162.7 million[3],162.7,130.6583333
41,My Own Private Idaho,Gus Van Sant,1991,Drama,0 days 01:44:00,Coolidge Corner Theatre,6/9/24,2:00 PM,https://en.wikipedia.org/wiki/My_Own_Private_Idaho,$8.1 million (North America and United Kingdom),8.1,136.1666667
42,"Kim Ji-young, Born 1982",Kim Do-young,2019,Drama,0 days 01:59:00,Museum of Fine Arts,6/9/24,2:30 PM,"https://en.wikipedia.org/wiki/Kim_Ji-young,_Born_1982_(film)",US$27.7 million[1],27.7,255.6525833
43,Rear Window,Alfred Hitchcock,1954,Thriller,0 days 01:55:00,Coolidge Corner Theatre,6/10/24,7:00 PM,https://en.wikipedia.org/wiki/Rear_Window,$37 million[3],37,26.865
44,Young Soul Rebels,Isaac Julien,1991,Drama,0 days 01:45:00,Coolidge Corner Theatre,6/11/24,7:00 PM,https://en.wikipedia.org/wiki/Young_Soul_Rebels,"£33,246 (UK)[1]",0.033246,136.1666667
45,Us,Jordan Peele,2019,Horror,0 days 01:56:00,The Brattle,6/11/24,7:00 PM,https://en.wikipedia.org/wiki/Us_(2019_film),$256.1 million[5],256.1,255.6525833
46,The Shining,Stanley Kubrick,1980,Horror,0 days 02:24:00,The Brattle,6/12/24,6:00 PM,https://en.wikipedia.org/wiki/The_Shining_(film),$47.3 million[6],47.3,82.38333333
47,Us,Jordan Peele,2019,Horror,0 days 01:56:00,The Brattle,6/12/24,9:00 PM,https://en.wikipedia.org/wiki/Us_(2019_film),$256.1 million[5],256.1,255.6525833
48,The Shining,Stanley Kubrick,1980,Horror,0 days 02:24:00,The Brattle,6/13/24,6:00 PM,https://en.wikipedia.org/wiki/The_Shining_(film),$47.3 million[6],47.3,82.38333333
49,Selena,Gregory Nava,1997,Drama,0 days 02:07:00,Coolidge Corner Theatre,6/13/24,7:00 PM,https://en.wikipedia.org/wiki/Selena_(film),$35.7 million[1](United States),35.7,160.525
50,Us,Jordan Peele,2019,Horror,0 days 01:56:00,The Brattle,6/13/24,9:00 PM,https://en.wikipedia.org/wiki/Us_(2019_film),$256.1 million[5],256.1,255.6525833
51,V for Vendetta,James McTeigue,2006,Action,0 days 02:12:00,Coolidge Corner Theatre,6/14/24,11:59 PM,https://en.wikipedia.org/wiki/V_for_Vendetta_(film),$134.7 million[4],134.7,201.5583333
52,Parasite,Bong Joon-ho,2019,Comedy,0 days 02:13:00,Museum of Fine Arts,6/14/24,7:00 PM,https://en.wikipedia.org/wiki/Parasite_(2019_film),$262.1 million[7],262.1,255.6525833
53,Watchmen,Zack Snyder,2009,Action,0 days 02:43:00,Coolidge Corner Theatre,6/15/24,11:30 PM,https://en.wikipedia.org/wiki/Watchmen_(film),$187 million[3][7],187,214.5646667
54,Anselm,Wim Wenders,2023,Documentary,0 days 01:33:00,Museum of Fine Arts,6/15/24,2:30 PM,https://en.wikipedia.org/wiki/Anselm_(film),$1.4 million[2],1.4,304.70075
55,Union Station,Rudolph Maté,1950,Drama,0 days 01:21:00,The Brattle,6/16/24,12:00 PM,https://en.wikipedia.org/wiki/Union_Station_(film),"$1,425,000[1]",0.1425,24.0625
56,Field of Dreams,Phil Alden Robinson,1989,Drama,0 days 01:47:00,Coolidge Corner Theatre,6/17/24,7:00 PM,https://en.wikipedia.org/wiki/Field_of_Dreams,$84.4 million[4],84.4,123.9416667
57,Nope,Jordan Peele,2022,Horror,0 days 02:10:00,The Brattle,6/18/24,6:15 PM,https://en.wikipedia.org/wiki/Nope_(film),$172.3 million[3][4],172.3,292.6205833
58,Edward II,Derek Jarman,1991,History,0 days 01:30:00,Coolidge Corner Theatre,6/18/24,7:00 PM,https://en.wikipedia.org/wiki/Edward_II_(film),"$694,438[2]",0.694438,136.1666667
59,Neon Genesis Evangelion: The End of Evangelion,"Hideaki Anno, Kazuya Tsurumaki",1997,Animation,0 days 01:27:00,The Brattle,6/18/24,9:00 PM,https://en.wikipedia.org/wiki/The_End_of_Evangelion,¥2.47 billion[1] / $19 million,2.47,160.525
60,Neon Genesis Evangelion: The End of Evangelion,"Hideaki Anno, Kazuya Tsurumaki",1997,Animation,0 days 01:27:00,The Brattle,6/19/24,9:00 PM,https://en.wikipedia.org/wiki/The_End_of_Evangelion,¥2.47 billion[1] / $19 million,2.47,160.525
61,Nope,Jordan Peele,2022,Horror,0 days 02:10:00,The Brattle,6/19/24,6:15 PM,https://en.wikipedia.org/wiki/Nope_(film),$172.3 million[3][4],172.3,292.6205833
62,Signs,M. Night Shyamalan,2002,Drama,0 days 01:46:00,The Brattle,6/20/24,4:00 PM,https://en.wikipedia.org/wiki/Signs_(film),$408.2 million[4],408.2,179.8666667
63,Nope,Jordan Peele,2022,Horror,0 days 02:10:00,The Brattle,6/20/24,8:45 PM,https://en.wikipedia.org/wiki/Nope_(film),$172.3 million[3][4],172.3,292.6205833
64,Cool World,Ralph Bakshi,1992,Animation,0 days 01:42:00,Coolidge Corner Theatre,6/21/24,11:59 PM,https://en.wikipedia.org/wiki/Cool_World,$14.1 million[3],14.1,140.3083333
65,Ravenous,Antonia Bird,1999,Adventure,0 days 01:41:00,The Brattle,6/21/24,8:30 PM,https://en.wikipedia.org/wiki/Ravenous_(1999_film),$2 million,2,166.5833333
66,Fallen Leaves,Aki Kaurismäki,2023,Romance,0 days 01:21:00,The Brattle,6/21/24,4:30 PM,https://en.wikipedia.org/wiki/Fallen_Leaves_(film),US$8.6 million[4][5],8.6,304.70075
67,Mystery Men,Kinka Usher,1999,Adventure,0 days 02:01:00,Coolidge Corner Theatre,6/22/24,11:59 PM,https://en.wikipedia.org/wiki/Mystery_Men,$33.5 million[2],33.5,166.5833333
68,Drive-Away Dolls,Ethan Coen,2024,Comedy,0 days 01:24:00,The Brattle,6/22/24,5:45 PM,https://en.wikipedia.org/wiki/Drive-Away_Dolls,$7.9 million[3][4],7.9,312.513125
69,Love Lies Bleeding,Rose Glass,2024,Crime,0 days 01:44:00,The Brattle,6/22/24,3:30 PM,https://en.wikipedia.org/wiki/Love_Lies_Bleeding_(2024_film),$12.5 million[5][6],12.5,312.513125
70,Inside the Yellow Cocoon Shell,Phạm Thiên Ân,2023,Drama,0 days 02:59:00,The Brattle,6/22/24,12:00 PM,https://en.wikipedia.org/wiki/Inside_the_Yellow_Cocoon_Shell,"US$348,738[2]",0.348738,304.70075
71,Perfect Days,Wim Wenders,2023,Drama,0 days 02:04:00,The Brattle,6/23/24,3:30 PM,https://en.wikipedia.org/wiki/Perfect_Days,$25.6 million[2][3],25.6,304.70075
72,Immaculate,Michael Mohan,2024,Horror,0 days 01:29:00,The Brattle,6/24/24,7:00 PM,https://en.wikipedia.org/wiki/Immaculate_(2024_film),$28.4 million[4][5],28.4,312.513125
73,Invasion of the Body Snatchers,Don Siegel,1956,SciFi,0 days 01:20:00,Coolidge Corner Theatre,6/24/24,7:00 PM,https://en.wikipedia.org/wiki/Invasion_of_the_Body_Snatchers,$3 million,3,27.19083333
74,Late Night with the Devil,"Cameron Cairnes, Colin Cairnes",2024,Horror,0 days 01:33:00,The Brattle,6/24/24,5:00 PM,https://en.wikipedia.org/wiki/Late_Night_with_the_Devil,$15.4 million[3],15.4,312.513125
75,How to Have Sex,Molly Manning Walker,2023,Drama,0 days 01:31:00,The Brattle,6/25/24,5:00 PM,https://en.wikipedia.org/wiki/How_to_Have_Sex,$1.2 million[3][4],1.2,304.70075
76,Sometimes I Think About Dying,Rachel Lambert,2024,Romance,0 days 01:31:00,The Brattle,6/25/24,7:00 PM,https://en.wikipedia.org/wiki/Sometimes_I_Think_About_Dying,"$245,127[3][4]",0.245127,312.513125
77,Nowhere,Gregg Araki,1997,Comedy,0 days 01:23:00,Coolidge Corner Theatre,6/25/24,7:00 PM,https://en.wikipedia.org/wiki/Nowhere_(1997_film),"$194,201[1]",0.194201,160.525
78,Tótem,Lila Avilés,2023,Drama,0 days 01:35:00,The Brattle,6/26/24,4:45 PM,https://en.wikipedia.org/wiki/Tótem_(film),"$165,444[1][2]",0.165444,304.70075
79,La Chimera,Alice Rohrwacher,2023,Adventure,0 days 02:13:00,The Brattle,6/27/24,5:15 PM,https://en.wikipedia.org/wiki/La_chimera,$5.2 million[4],5.2,304.70075
80,Charlie's Angels,McG,2000,Action,0 days 01:38:00,Coolidge Corner Theatre,6/27/24,7:00 PM,https://en.wikipedia.org/wiki/Charlie's_Angels_(2000_film),$264.1 million[2],264.1,172.1916667
81,The Beast,Bertrand Bonello,2024,Drama,0 days 02:27:00,The Brattle,6/27/24,8:00 PM,https://en.wikipedia.org/wiki/The_Beast_Within_(2024_film),"$51,860 ",0.05186,312.513125
82,300,Zack Snyder,2007,Action,0 days 01:56:00,Coolidge Corner Theatre,6/28/24,11:59 PM,https://en.wikipedia.org/wiki/300_(film),$456 million[4],456,207.3441667
83,Sin City,"Robert Rodriguez, Frank Miller",2005,Thriller,0 days 02:04:00,Coolidge Corner Theatre,6/29/24,11:59 PM,https://en.wikipedia.org/wiki/Sin_City_(film),$158.7 million[2],158.7,195.2666667
84,Go Fish,Rose Troche,1994,Drama,0 days 01:23:00,Coolidge Corner Theatre,6/30/24,2:00 PM,https://en.wikipedia.org/wiki/Go_Fish_(film),$2.5 million (US)[3],2.5,148.225
85,Speed,Jan de Bont,1994,Action,0 days 01:56:00,Coolidge Corner Theatre,7/1/24,7:00 PM,https://en.wikipedia.org/wiki/Speed_(1994_film),$350.4 million[3],350.4,148.225
86,Jennifer's Body,Karyn Kusama,2009,Horror,0 days 01:47:00,Coolidge Corner Theatre,7/27/24,11:59 PM,https://en.wikipedia.org/wiki/Jennifer's_Body,$31.6 million,31.6,214.5646667
87,They Live,John Carpenter,1988,SciFi,0 days 01:33:00,Somerville Theatre,7/27/24,11:59 PM,https://en.wikipedia.org/wiki/They_Live,$13.4 million (North America)[1],13.4,118.275
88,The Red Shoes,"Emeric Pressburger, Michael Powell",1948,Drama,0 days 02:13:00,The Brattle,7/28/24,3:45 PM,https://en.wikipedia.org/wiki/The_Red_Shoes_(1948_film),$5 million (U.S. and Canada rentals)[3],5,24.045
89,The Killer Shrews,Ray Kellogg,1959,Horror,0 days 01:09:00,Somerville Theatre,7/28/24,1:20 PM,https://en.wikipedia.org/wiki/The_Killer_Shrews,$1 million,1,29.15
90,Funny Girl,William Wyler,1968,Comedy,0 days 02:35:00,The Brattle,7/29/24,6:30 PM,https://en.wikipedia.org/wiki/Funny_Girl_(film),$58.5 million[2],58.5,34.79166667
91,Total Recall,Paul Verhoeven,1990,Action,0 days 01:53:00,Coolidge Corner Theatre,7/29/24,7:00 PM,https://en.wikipedia.org/wiki/Total_Recall_(1990_film),$261.4 million,261.4,130.6583333
92,Oliver!,Carol Reed,1968,Drama,0 days 02:33:00,The Brattle,7/30/24,3:30 PM,https://en.wikipedia.org/wiki/Oliver!_(film),$40 million,40,34.79166667
93,Terror of Mechagodzilla,Ishirō Honda,1975,SciFi,0 days 01:23:00,Coolidge Corner Theatre,7/30/24,7:00 PM,https://en.wikipedia.org/wiki/Terror_of_Mechagodzilla,¥330 million (Japan rentals)[2][3]  <$20 million (worldwide)[1],330,53.825
94,The Beguiled,Sofia Coppola,2017,Drama,0 days 01:33:00,The Brattle,7/31/24,8:00 PM,https://en.wikipedia.org/wiki/The_Beguiled_(2017_film),$27.9 million[3],27.9,245.121
95,Godzilla 2000: Millennium,Takao Okawara,1999,Action,0 days 01:47:00,The Greenway,7/31/24,8:00 PM,https://en.wikipedia.org/wiki/Godzilla_2000,$27 million[4],27,166.5833333
96,Sorcerer,William Friedkin,1977,Thriller,0 days 02:01:00,The Brattle,8/1/24,7:00 PM,https://en.wikipedia.org/wiki/Sorcerer_(film),$5.9 million (theatrical and rentals)[4]$9 million (worldwide)[5],5.9,60.61666667
97,E.T. the Extra-Terrestrial,Steven Spielberg,1982,SciFi,0 days 01:55:00,Capitol Theatre,8/1/24,7:30 PM,https://en.wikipedia.org/wiki/E.T._the_Extra-Terrestrial,$792.9 million[3][5],792.9,96.53333333
98,Wake in Fright,Ted Kotcheff,1971,Drama,0 days 01:49:00,The Brattle,8/1/24,4:30 PM,https://en.wikipedia.org/wiki/Wake_in_Fright,"$321,323 (Australia re-release)[7]
$50,394 (US re-release)[8]",0.321323,40.48333333
99,If Beale Street Could Talk,Barry Jenkins,2018,Romance,0 days 02:00:00,The Brattle,8/2/24,4:30 PM,https://en.wikipedia.org/wiki/If_Beale_Street_Could_Talk_(film),$20.6 million[3],20.6,251.0995
100,Army of Darkness,Sam Raimi,1992,Fantasy,0 days 01:21:00,Coolidge Corner Theatre,8/2/24,11:59 PM,https://en.wikipedia.org/wiki/Army_of_Darkness,$21.5 million[1],21.5,140.3083333
101,Klute,Alan J. Pakula,1971,Thriller,0 days 01:54:00,Somerville Theatre,8/3/24,11:59 PM,https://en.wikipedia.org/wiki/Klute,$12.5 million[2],12.5,40.48333333
102,Reign of Fire,Rob Bowman,2002,Adventure,0 days 01:41:00,Coolidge Corner Theatre,8/3/24,11:59 PM,https://en.wikipedia.org/wiki/Reign_of_Fire_(film),$82.2 million[2],82.2,179.8666667
103,I Am Not Your Negro,Raoul Peck,2017,Documentary,0 days 01:33:00,The Brattle,8/3/24,7:00 PM,https://en.wikipedia.org/wiki/I_Am_Not_Your_Negro,$9.6 million[1],9.6,245.121
104,If Beale Street Could Talk,Barry Jenkins,2018,Romance,0 days 02:00:00,The Brattle,8/3/24,2:30 PM,https://en.wikipedia.org/wiki/If_Beale_Street_Could_Talk_(film),$20.6 million[3],20.6,251.0995
105,I Am Not Your Negro,Raoul Peck,2017,Documentary,0 days 01:33:00,The Brattle,8/4/24,4:15 PM,https://en.wikipedia.org/wiki/I_Am_Not_Your_Negro,$9.6 million[1],9.6,245.121
106,Being John Malkovich,Spike Jonze,1999,Comedy,0 days 01:53:00,Coolidge Corner Theatre,8/5/24,7:00 PM,https://en.wikipedia.org/wiki/Being_John_Malkovich,$23.1 million[2],23.1,166.5833333
107,Tommy,Ken Russell,1975,Drama,0 days 01:51:00,The Brattle,8/5/24,6:30 PM,https://en.wikipedia.org/wiki/Tommy_(1975_film),$34.3 million[4],34.3,53.825
108,Election,Alexander Payne,1999,Comedy,0 days 01:43:00,Coolidge Corner Theatre,8/6/24,7:00 PM,https://en.wikipedia.org/wiki/Election_(1999_film),$17.2 million[1],17.2,166.5833333
109,Let the Good Times Roll,"Sidney Levin, Robert Abel",1973,Documentary,0 days 01:39:00,The Brattle,8/6/24,6:30 PM,https://en.wikipedia.org/wiki/Let_the_Good_Times_Roll_(film),"$1,050,000 (US/ Canada rentals)[1]",0.105,44.425
110,Wattstax,Mel Stuart,1973,Music,0 days 01:38:00,The Brattle,8/6/24,4:15 PM,https://en.wikipedia.org/wiki/Wattstax,"$1,560,000 (rentals)[1]",0.156,44.425
111,Toni Erdmann,Maren Ade,2016,Comedy,0 days 02:42:00,Goethe-Institut,8/7/24,8:00 PM,https://en.wikipedia.org/wiki/Toni_Erdmann,$11.7 million[4],11.7,240.0054167
112,Somewhere,Sofia Coppola,2010,Drama,0 days 01:38:00,The Brattle,8/7/24,7:00 PM,https://en.wikipedia.org/wiki/Somewhere_(film),$13.9 million[2],13.9,218.0761667
113,The Bling Ring,Sofia Coppola,2013,Drama,0 days 01:30:00,The Brattle,8/7/24,5:00 PM,https://en.wikipedia.org/wiki/The_Bling_Ring,$20.2 million[4],20.2,232.95175
114,Scooby-Doo,Raja Gosnell,2002,Mystery,0 days 01:27:00,The Speedway,8/7/24,8:00 PM,https://en.wikipedia.org/wiki/Scooby-Doo_(film),$275.7 million[2],275.7,179.8666667
115,In the Heat of the Night,Norman Jewison,1967,Crime,0 days 01:49:00,The Brattle,8/8/24,6:00 PM,https://en.wikipedia.org/wiki/In_the_Heat_of_the_Night_(film),$24.4 million[3],24.4,33.375
116,Dog Day Afternoon,Sidney Lumet,1975,Crime,0 days 02:05:00,The Brattle,8/8/24,3:30 PM,https://en.wikipedia.org/wiki/Dog_Day_Afternoon,$50–56 million[4][3],50,53.825
117,Wet Hot American Summer,David Wain,2001,Comedy,0 days 01:37:00,Capitol Theatre,8/8/24,7:30 PM,https://en.wikipedia.org/wiki/Wet_Hot_American_Summer,"$295,206[5]",0.295206,177.0416667
118,Dragonslayer,Matthew Robbins,1981,Fantasy,0 days 01:48:00,Coolidge Corner Theatre,8/9/24,11:59 PM,https://en.wikipedia.org/wiki/Dragonslayer_(1981_film),$14.1 million,14.1,90.93333333
119,The Church,Michele Soavi,1989,Horror,0 days 01:42:00,Coolidge Corner Theatre,8/10/24,11:59 PM,https://en.wikipedia.org/wiki/The_Church_(1989_film),1.926 billion Italian lire[2],1926,123.9416667
120,Vertigo,Alfred Hitchcock,1958,Mystery,0 days 02:09:00,The Brattle,8/10/24,3:30 PM,https://en.wikipedia.org/wiki/Vertigo_(film),$7.3 million[4],7.3,28.88083333
121,North by Northwest,Alfred Hitchcock,1959,Mystery,0 days 02:16:00,The Brattle,8/10/24,12:30 PM,https://en.wikipedia.org/wiki/North_by_Northwest,$9.8 million[2],9.8,29.15
122,North by Northwest,Alfred Hitchcock,1959,Mystery,0 days 02:16:00,The Brattle,8/11/24,2:45 PM,https://en.wikipedia.org/wiki/North_by_Northwest,$9.8 million[2],9.8,29.15
123,To Catch a Thief,Alfred Hitchcock,1955,Mystery,0 days 01:46:00,The Brattle,8/11/24,12:30 PM,https://en.wikipedia.org/wiki/To_Catch_a_Thief,$4.5 million (U.S. rentals)[2]$8.75 million,4.5,26.79583333
124,All About My Mother,Pedro Almod?�var,1999,Comedy,0 days 01:41:00,Coolidge Corner Theatre,8/11/24,2:00 PM,https://en.wikipedia.org/wiki/All_About_My_Mother,$67.8 million,67.8,166.5833333
125,All About My Mother,Pedro Almodóvar,1999,Comedy,0 days 01:41:00,Coolidge Corner Theatre,8/11/24,2:00 PM,https://en.wikipedia.org/wiki/All_About_My_Mother,$67.8 million,67.8,166.5833333
126,La Bamba,Luis Valdez,1987,Drama,0 days 01:48:00,The Brattle,8/12/24,3:45 PM,https://en.wikipedia.org/wiki/La_Bamba_(film),$54.2 million,54.2,113.6166667
127,The Big Lebowski,"Joel Coen, Ethan Coen",1998,Comedy,0 days 01:57:00,Coolidge Corner Theatre,8/12/24,7:00 PM,https://en.wikipedia.org/wiki/The_Big_Lebowski,$47.4 million[4],47.4,163.0083333
128,Dirty Dancing,Emile Ardolino,1987,Drama,0 days 01:40:00,Somerville Theatre,8/12/24,7:30 PM,https://en.wikipedia.org/wiki/Dirty_Dancing,$214 million,214,113.6166667
129,The Buddy Holly Story,Steve Rash,1978,Drama,0 days 01:54:00,The Brattle,8/12/24,6:00 PM,https://en.wikipedia.org/wiki/The_Buddy_Holly_Story,$14.3 million[3],14.3,65.24166667
130,The Insider,Michael Mann,1999,Drama,0 days 02:38:00,Coolidge Corner Theatre,8/13/24,7:00 PM,https://en.wikipedia.org/wiki/The_Insider_(film),$60.3 million[2],60.3,166.5833333
131,American Pop,Ralph Bakshi,1981,Animation,0 days 01:36:00,The Brattle,8/13/24,7:00 PM,https://en.wikipedia.org/wiki/American_Pop,$6 million[2],6,90.93333333
132,No Way Out,Roger Donaldson,1987,Thriller,0 days 01:54:00,Somerville Theatre,8/13/24,7:30 PM,https://en.wikipedia.org/wiki/No_Way_Out_(1987_film),$35.5 million,35.5,113.6166667
133,Heavy Metal,Gerald Potterton,1981,Animation,0 days 01:30:00,The Brattle,8/13/24,5:00 PM,https://en.wikipedia.org/wiki/Heavy_Metal_(film),$20.1 million[3][4],20.1,90.93333333
134,Good One,India Donaldson,2024,Drama,0 days 01:30:00,Coolidge Corner Theatre,8/13/24,7:15 PM,https://en.wikipedia.org/wiki/Good_One_(film),"$285,355[1][2]",0.285355,312.513125
135,Marie Antoinette,Sofia Coppola,2006,Drama,0 days 02:03:00,The Brattle,8/14/24,8:00 PM,https://en.wikipedia.org/wiki/Marie_Antoinette_(2006_film),$60.9 million[4],60.9,201.5583333
136,"sex, lies, and videotape",Steven Soderbergh,1989,Drama,0 days 01:41:00,Somerville Theatre,8/14/24,7:30 PM,"https://en.wikipedia.org/wiki/Sex,_Lies,_and_Videotape",$36.7 million[2],36.7,123.9416667
137,Go,Doug Liman,1999,Crime,0 days 01:38:00,Coolidge Corner Theatre,8/14/24,7:00 PM,https://en.wikipedia.org/wiki/Go_(1999_film),$28.5 million,28.5,166.5833333
138,I'm Your Man,Maria Schrader,2021,SciFi,0 days 01:48:00,Goethe-Institut,8/14/24,8:00 PM,https://en.wikipedia.org/wiki/I'm_Your_Man_(2021_film),"$501,700[3][4]",0.5017,270.9658333
139,Do the Right Thing,Spike Lee,1989,Drama,0 days 02:00:00,The Brattle,8/15/24,6:30 PM,https://en.wikipedia.org/wiki/Do_the_Right_Thing,$37.3 million[2][3],37.3,123.9416667
140,Bird,Clint Eastwood,1988,Drama,0 days 02:41:00,Coolidge Corner Theatre,8/15/24,7:00 PM,https://en.wikipedia.org/wiki/Bird_(1988_film),$2 million[3],2,118.275
141,Moonrise Kingdom,Wes Anderson,2012,Comedy,0 days 01:34:00,Capitol Theatre,8/15/24,7:30 PM,https://en.wikipedia.org/wiki/Moonrise_Kingdom,$68.8 million[3],68.8,229.5860833
142,Falling Down,Joel Schumacher,1993,Crime,0 days 01:53:00,The Brattle,8/15/24,4:00 PM,https://en.wikipedia.org/wiki/Falling_Down,$96 million[2],96,144.475
143,Caligula: The Ultimate Cut,Tinto Brass,2023,Drama,0 days 02:53:00,Somerville Theatre,8/16/24,9:30 PM,https://en.wikipedia.org/wiki/Caligula_(film),$10 million-$23.4 million[8][9],10,304.70075
144,Pretty Woman,Garry Marshall,1990,Comedy,0 days 01:59:00,Somerville Theatre,8/16/24,7:00 PM,https://en.wikipedia.org/wiki/Pretty_Woman,$463.4 million,463.4,130.6583333
145,Sliver,Phillip Noyce,1993,Drama,0 days 01:48:00,Somerville Theatre,8/17/24,9:20 PM,https://en.wikipedia.org/wiki/Sliver_(film),$116.3 million[2],116.3,144.475
146,Basic Instinct,Paul Verhoeven,1992,Thriller,0 days 02:08:00,Somerville Theatre,8/17/24,7:00 PM,https://en.wikipedia.org/wiki/Basic_Instinct,$352.9 million[2],352.9,140.3083333
147,Thelma & Louise,Ridley Scott,1991,Drama,0 days 02:10:00,Somerville Theatre,8/18/24,7:00 PM,https://en.wikipedia.org/wiki/Thelma_&_Louise,$45.4 million[2],45.4,136.1666667
148,Beau Travail,Claire Denis,2000,Drama,0 days 01:32:00,Coolidge Corner Theatre,8/18/24,2:00 PM,https://en.wikipedia.org/wiki/Beau_Travail,"$570,000[1]",0.57,172.1916667
149,Poison Ivy,Katt Shea,1992,Thriller,0 days 01:32:00,Somerville Theatre,8/19/24,7:00 PM,https://en.wikipedia.org/wiki/Poison_Ivy_(1992_film),$1.8 million[1],1.8,140.3083333
150,Annie,John Huston,1982,Comedy,0 days 02:07:00,The Brattle,8/19/24,6:00 PM,https://en.wikipedia.org/wiki/Annie_(1982_film),$57.1 million[3],57.1,96.53333333
151,The Crush,Alan Shapiro,1993,Drama,0 days 01:29:00,Somerville Theatre,8/19/24,8:45 PM,https://en.wikipedia.org/wiki/The_Crush_(1993_film),$13.6 million (United States)[2],13.6,144.475
152,School Daze,Spike Lee,1988,Comedy,0 days 02:01:00,The Brattle,8/20/24,7:00 PM,https://en.wikipedia.org/wiki/School_Daze,"$14,545,844[1]",0.145458,118.275
153,The Last Seduction,John Dahl,1994,Thriller,0 days 01:50:00,Somerville Theatre,8/20/24,7:00 PM,https://en.wikipedia.org/wiki/The_Last_Seduction,"$5,842,603[2]",0.58426,148.225
154,Jade,William Friedkin,1995,Mystery,0 days 01:35:00,Somerville Theatre,8/20/24,9:00 PM,https://en.wikipedia.org/wiki/Jade_(film),$9.9 million (United States)[3],9.9,152.3833333
155,Annie,John Huston,1982,Comedy,0 days 02:07:00,The Brattle,8/20/24,4:00 PM,https://en.wikipedia.org/wiki/Annie_(1982_film),$57.1 million[3],57.1,96.53333333
156,Run Lola Run,Tom Tykwer,1998,Action,0 days 01:21:00,Goethe-Institut,8/21/24,8:00 PM,https://en.wikipedia.org/wiki/Run_Lola_Run,$23.7 million[2],23.7,163.0083333
157,Apollo 13,Ron Howard,1995,Drama,0 days 02:20:00,The Greenway,8/21/24,8:00 PM,https://en.wikipedia.org/wiki/Apollo_13_(film),$355.2 million[2],355.2,152.3833333
158,Showgirls,Paul Verhoeven,1995,Drama,0 days 02:11:00,Somerville Theatre,8/21/24,7:00 PM,https://en.wikipedia.org/wiki/Showgirls,$37.8 million[7],37.8,152.3833333
159,Lost in Translation,Sofia Coppola,2003,Drama,0 days 01:42:00,The Brattle,8/21/24,4:30 PM,https://en.wikipedia.org/wiki/Lost_in_Translation_(film),$118.7 million,118.7,184
160,Mamma Mia!,Phyllida Lloyd,2008,Comedy,0 days 01:48:00,Capitol Theatre,8/22/24,7:30 PM,https://en.wikipedia.org/wiki/Mamma_Mia!_(film),$694.6 million[2],694.6,215.25425
161,Sorcerer,William Friedkin,1977,Thriller,0 days 02:01:00,Coolidge Corner Theatre,8/22/24,7:00 PM,https://en.wikipedia.org/wiki/Sorcerer_(film),$5.9 million (theatrical and rentals)[4]$9 million (worldwide)[5],5.9,60.61666667
162,Phantom Thread,Paul Thomas Anderson,2017,Drama,0 days 02:10:00,West Newton Cinema,8/22/24,6:00 PM,https://en.wikipedia.org/wiki/Phantom_Thread,$47.8 million[5],47.8,245.121
163,The Texas Chain Saw Massacre,Tobe Hooper,1974,Horror,0 days 01:23:00,The Brattle,8/22/24,5:00 PM,https://en.wikipedia.org/wiki/The_Texas_Chain_Saw_Massacre,$30.9 million[4],30.9,49.31666667
164,The Texas Chain Saw Massacre,Tobe Hooper,1974,Horror,0 days 01:23:00,Somerville Theatre,8/23/24,8:00 PM,https://en.wikipedia.org/wiki/The_Texas_Chain_Saw_Massacre,$30.9 million[4],30.9,49.31666667
165,Bad Lieutenant,Abel Ferrara,1992,Crime,0 days 01:36:00,Coolidge Corner Theatre,8/23/24,11:59 PM,https://en.wikipedia.org/wiki/Bad_Lieutenant,$2 million[2],2,140.3083333
166,Highlander,Russell Mulcahy,1986,Adventure,0 days 01:56:00,Coolidge Corner Theatre,8/23/24,11:59 PM,https://en.wikipedia.org/wiki/Highlander_(film),$12.8 million[7],12.8,109.6916667
167,Dangerous Game,Abel Ferrara,1993,Drama,0 days 01:48:00,Coolidge Corner Theatre,8/24/24,11:59 PM,https://en.wikipedia.org/wiki/Dangerous_Game_(1993_film),$1.2 million[2],1.2,144.475
168,Legend,Ridley Scott,1985,Adventure,0 days 01:34:00,Coolidge Corner Theatre,8/24/24,11:59 PM,https://en.wikipedia.org/wiki/Legend_(1985_film),$23.5 million,23.5,107.6
169,Thieves Like Us,Robert Altman,1974,Crime,0 days 02:03:00,The Brattle,8/25/24,3:00 PM,https://en.wikipedia.org/wiki/Thieves_Like_Us_(film),"$300,000 (US/Canada rentals)[1]",0.3,49.31666667
170,Last Embrace,Jonathan Demme,1979,Thriller,0 days 01:42:00,The Brattle,8/25/24,6:00 PM,https://en.wikipedia.org/wiki/Last_Embrace,"$1,537,125[1]",0.153712,72.58333333
171,Across the Universe,Julie Taymor,2007,Drama,0 days 02:13:00,The Brattle,8/26/24,6:00 PM,https://en.wikipedia.org/wiki/Across_the_Universe_(film),$29.6 million[3],29.6,207.3441667
172,Inside Man,Spike Lee,2006,Crime,0 days 02:09:00,Coolidge Corner Theatre,8/26/24,7:00 PM,https://en.wikipedia.org/wiki/Inside_Man,$184.4 million[2],184.4,201.5583333
173,Bound,"Lana Wachowski, Lilly Wachowski",1996,Drama,0 days 01:45:00,Somerville Theatre,8/26/24,7:30 PM,https://en.wikipedia.org/wiki/Bound_(1996_film),$7 million[4],7,156.8583333
174,Boxing Helena,Jennifer Lynch,1993,Drama,0 days 01:47:00,Somerville Theatre,8/27/24,9:00 PM,https://en.wikipedia.org/wiki/Boxing_Helena,$1.8 million[4],1.8,144.475
175,Walk Hard: The Dewey Cox Story,Jake Kasdan,2007,Comedy,0 days 01:36:00,The Brattle,8/27/24,8:30 PM,https://en.wikipedia.org/wiki/Walk_Hard:_The_Dewey_Cox_Story,$20.6 million[2],20.6,207.3441667
176,Bringing Out the Dead,Martin Scorsese,1999,Drama,0 days 02:01:00,Coolidge Corner Theatre,8/27/24,7:00 PM,https://en.wikipedia.org/wiki/Bringing_Out_the_Dead,$16.8 million[3],16.8,166.5833333
177,Pee-wee's Big Adventure,Tim Burton,1985,Comedy,0 days 01:31:00,The Brattle,8/27/24,6:00 PM,https://en.wikipedia.org/wiki/Pee-wee's_Big_Adventure,$40.9 million (domestic)[3],40.9,107.6
178,Crash,David Cronenberg,1996,Drama,0 days 01:40:00,Somerville Theatre,8/27/24,7:00 PM,https://en.wikipedia.org/wiki/Crash_(1996_film),$23.2 million[4],23.2,156.8583333
179,The Virgin Suicides,Sofia Coppola,2000,Drama,0 days 01:37:00,The Brattle,8/28/24,4:30 PM,https://en.wikipedia.org/wiki/The_Virgin_Suicides_(film),$10.4 million[1],10.4,172.1916667
180,Magnolia,Paul Thomas Anderson,1999,Drama,0 days 03:09:00,Coolidge Corner Theatre,8/28/24,7:00 PM,https://en.wikipedia.org/wiki/Magnolia_(film),$48.5 million,48.5,166.5833333
181,Lost Highway,David Lynch,1997,Drama,0 days 02:14:00,Somerville Theatre,8/28/24,7:00 PM,https://en.wikipedia.org/wiki/Lost_Highway_(film),$3.8 million,3.8,160.525
182,The Talented Mr. Ripley,Anthony Minghella,1999,Thriller,0 days 02:20:00,The Brattle,8/29/24,3:15 PM,https://en.wikipedia.org/wiki/The_Talented_Mr._Ripley_(film),$128.8 million[2],128.8,166.5833333
183,Purple Noon,René Clément,1960,Crime,0 days 01:55:00,The Brattle,8/29/24,6:00 PM,https://en.wikipedia.org/wiki/Purple_Noon,"$618,0902,437,874 admissions (France)[1]",0.61809,29.585
184,Pirates of the Caribbean: The Curse of the Black Pearl,Gore Verbinski,2003,Adventure,0 days 02:23:00,Coolidge Corner Theatre,8/29/24,7:00 PM,https://en.wikipedia.org/wiki/Pirates_of_the_Caribbean:_The_Curse_of_the_Black_Pearl,$654.3 million[2],654.3,184
185,Purple Noon,Ren?� Cl?�ment,1960,Crime,0 days 01:55:00,The Brattle,8/29/24,6:00 PM,https://en.wikipedia.org/wiki/Purple_Noon,"$618,0902,437,874 admissions (France)[1]",0.61809,29.585
186,The Shining,Stanley Kubrick,1980,Horror,0 days 02:24:00,The Brattle,8/30/24,8:00 PM,https://en.wikipedia.org/wiki/The_Shining_(film),$47.3 million[6],47.3,82.38333333
187,Wild Things,John McNaughton,1998,Mystery,0 days 01:55:00,Somerville Theatre,8/30/24,9:00 PM,https://en.wikipedia.org/wiki/Wild_Things_(film),$67.2 million[3],67.2,163.0083333
188,A Knight's Tale,Brian Helgeland,2001,Adventure,0 days 02:12:00,Coolidge Corner Theatre,8/30/24,11:59 PM,https://en.wikipedia.org/wiki/A_Knight's_Tale,$117.5 million,117.5,177.0416667
189,Cruel Intentions,Roger Kumble,1999,Drama,0 days 01:38:00,Somerville Theatre,8/30/24,7:00 PM,https://en.wikipedia.org/wiki/Cruel_Intentions,$75.9 million[1],75.9,166.5833333
190,Brewster McCloud,Robert Altman,1970,Comedy,0 days 01:45:00,The Brattle,8/31/24,2:00 PM,https://en.wikipedia.org/wiki/Brewster_McCloud,$1.3 million (rentals)[1],1.3,38.84166667
191,Nashville,Robert Altman,1975,Drama,0 days 02:40:00,The Brattle,8/31/24,4:15 PM,https://en.wikipedia.org/wiki/Nashville_(film),$10 million[2],10,53.825
192,Eyes Wide Shut,Stanley Kubrick,1999,Drama,0 days 02:39:00,Somerville Theatre,8/31/24,7:30 PM,https://en.wikipedia.org/wiki/Eyes_Wide_Shut,$162.1 million[3],162.1,166.5833333
193,The Dark Knight,Christopher Nolan,2008,Drama,0 days 02:32:00,Coolidge Corner Theatre,8/31/24,11:30 PM,https://en.wikipedia.org/wiki/The_Dark_Knight,$1.006 billion[c],1006,215.25425
194,The Terminator,James Cameron,1984,Action,0 days 01:48:00,Somerville Theatre,8/31/24,11:59 PM,https://en.wikipedia.org/wiki/The_Terminator,$78.3 million,78.3,103.9333333
195,Popeye,Robert Altman,1980,Action,0 days 01:54:00,The Brattle,9/3/24,4:30 PM,https://en.wikipedia.org/wiki/Popeye_(film),$60 million[2],60,82.38333333
196,Roxanne,Fred Schepisi,1987,Comedy,0 days 01:47:00,The Brattle,9/3/24,7:00 PM,https://en.wikipedia.org/wiki/Roxanne_(film),$40.1 million (domestic)[2],40.1,113.6166667
197,Brewster McCloud,Robert Altman,1970,Comedy,0 days 01:45:00,The Brattle,9/4/24,4:15 PM,https://en.wikipedia.org/wiki/Brewster_McCloud,$1.3 million (rentals)[1],1.3,38.84166667
198,The Portrait of a Lady,Jane Campion,1996,Drama,0 days 02:24:00,The Brattle,9/4/24,6:30 PM,https://en.wikipedia.org/wiki/The_Portrait_of_a_Lady_(film),$20 million[3],20,156.8583333
199,Hundreds of Beavers,Mike Cheslik,2024,Comedy,0 days 01:48:00,Somerville Theatre,9/4/24,7:30 PM,https://en.wikipedia.org/wiki/Hundreds_of_Beavers,"$859,545[1][2]",0.859545,312.513125
200,Napoleon Dynamite,Jared Hess,2004,Comedy,0 days 01:35:00,The Speedway,9/4/24,8:00 PM,https://en.wikipedia.org/wiki/Napoleon_Dynamite,$46.1 million[1],46.1,188.9083333
201,Hairspray,John Waters,1988,Comedy,0 days 01:32:00,Coolidge Corner Theatre,9/5/24,7:00 PM,https://en.wikipedia.org/wiki/Hairspray_(1988_film),$8.3 million[3],8.3,118.275
202,The Trip,Roger Corman,1967,Drama,0 days 01:25:00,Harvard Film Archive,9/6/24,7:00 PM,https://en.wikipedia.org/wiki/The_Trip_(1967_film),$10 million[2],10,33.375
203,Showgirls,Paul Verhoeven,1995,Drama,0 days 02:11:00,Coolidge Corner Theatre,9/6/24,11:59 PM,https://en.wikipedia.org/wiki/Showgirls,$37.8 million[7],37.8,152.3833333
204,The Master,Paul Thomas Anderson,2012,Drama,0 days 02:17:00,Coolidge Corner Theatre,9/6/24,7:30 PM,https://en.wikipedia.org/wiki/The_Master_(2012_film),$28.3 million[2],28.3,229.5860833
205,2001: A Space Odyssey,Stanley Kubrick,1968,SciFi,0 days 02:29:00,Coolidge Corner Theatre,9/7/24,7:30 PM,https://en.wikipedia.org/wiki/2001:_A_Space_Odyssey,$146 million,146,34.79166667
206,Mac and Me,Stewart Raffill,1988,Family,0 days 01:35:00,Coolidge Corner Theatre,9/7/24,11:59 PM,https://en.wikipedia.org/wiki/Mac_and_Me,$6.4 million[3],6.4,118.275
207,Midnight Cowboy,John Schlesinger,1969,Drama,0 days 01:53:00,Somerville Theatre,9/7/24,11:59 PM,https://en.wikipedia.org/wiki/Midnight_Cowboy,$44.8 million[2],44.8,36.68333333
208,Airport,George Seaton,1970,Action,0 days 02:17:00,Coolidge Corner Theatre,9/8/24,2:00 PM,https://en.wikipedia.org/wiki/Airport_(1970_film),$128.4 million,128.4,38.84166667
209,Withnail & I,Bruce Robinson,1987,Comedy,0 days 01:48:00,The Brattle,9/9/24,9:30 PM,https://en.wikipedia.org/wiki/Withnail_and_I,$1.7 million[3],1.7,113.6166667
210,Empire of the Sun,Steven Spielberg,1987,Drama,0 days 02:33:00,Coolidge Corner Theatre,9/9/24,7:00 PM,https://en.wikipedia.org/wiki/Empire_of_the_Sun_(film),$66.7 million[2],66.7,113.6166667
211,The Master,Paul Thomas Anderson,2012,Drama,0 days 02:17:00,Coolidge Corner Theatre,9/10/24,7:30 PM,https://en.wikipedia.org/wiki/The_Master_(2012_film),$28.3 million[2],28.3,229.5860833
212,2001: A Space Odyssey,Stanley Kubrick,1968,SciFi,0 days 02:29:00,Coolidge Corner Theatre,9/11/24,7:30 PM,https://en.wikipedia.org/wiki/2001:_A_Space_Odyssey,$146 million,146,34.79166667
213,A Clockwork Orange,Stanley Kubrick,1971,SciFi,0 days 02:17:00,The Brattle,9/11/24,8:15 PM,https://en.wikipedia.org/wiki/A_Clockwork_Orange_(film),$114 million[4],114,40.48333333
214,The Warriors,Walter Hill,1979,Action,0 days 01:34:00,The Brattle,9/11/24,3:30 PM,https://en.wikipedia.org/wiki/The_Warriors_(film),$22.5 million[2],22.5,72.58333333
215,The Old Oak,Ken Loach,2023,Drama,0 days 01:53:00,West Newton Cinema,9/12/24,6:00 PM,https://en.wikipedia.org/wiki/The_Old_Oak,$7.7 million[5],7.7,304.70075
216,A Clockwork Orange,Stanley Kubrick,1971,SciFi,0 days 02:17:00,The Brattle,9/12/24,8:15 PM,https://en.wikipedia.org/wiki/A_Clockwork_Orange_(film),$114 million[4],114,40.48333333
217,Eraserhead,David Lynch,1978,Horror,0 days 01:29:00,Coolidge Corner Theatre,9/12/24,9:55 PM,https://en.wikipedia.org/wiki/Eraserhead,$7.1 million[2],7.1,65.24166667
218,Vertigo,Alfred Hitchcock,1958,Mystery,0 days 02:09:00,Coolidge Corner Theatre,9/13/24,7:30 PM,https://en.wikipedia.org/wiki/Vertigo_(film),$7.3 million[4],7.3,28.88083333
219,Friday the 13th: The Final Chapter,Joseph Zito,1984,Horror,0 days 01:31:00,Rocky Woods,9/13/24,8:00 PM,https://en.wikipedia.org/wiki/Friday_the_13th:_The_Final_Chapter,$33 million[4],33,103.9333333
220,Touchez Pas au Grisbi,Jacques Becker,1954,Crime,0 days 01:35:00,Harvard Film Archive,9/13/24,9:00 PM,https://en.wikipedia.org/wiki/Touchez_pas_au_grisbi,"4,710,496 admissions (France)[1]$131,548[2](2003 US re-release)",0.471049,26.865
221,Jason X,James Isaac,2001,Horror,0 days 01:31:00,Rocky Woods,9/13/24,9:30 PM,https://en.wikipedia.org/wiki/Jason_X,$17.1 million[2],17.1,177.0416667
222,Le Doulos,Jean-Pierre Melville,1962,Drama,0 days 01:48:00,Harvard Film Archive,9/14/24,9:00 PM,https://en.wikipedia.org/wiki/Le_Doulos,"1,475,391 admissions",0.147539,30.25333333
223,The Outlaw Josey Wales,Clint Eastwood,1976,Western,0 days 02:15:00,Somerville Theatre,9/14/24,11:59 PM,https://en.wikipedia.org/wiki/The_Outlaw_Josey_Wales,$31.8 million[2],31.8,56.93333333
224,Once Upon a Time... in Hollywood,Quentin Tarantino,2019,Comedy,0 days 02:42:00,Coolidge Corner Theatre,9/14/24,7:30 PM,https://en.wikipedia.org/wiki/Once_Upon_a_Time_in_Hollywood,$377.6 million[4],377.6,255.6525833
225,Key Largo,John Huston,1948,Crime,0 days 01:40:00,The Brattle,9/14/24,7:00 PM,https://en.wikipedia.org/wiki/Key_Largo_(film),$3.3 million (US/Canada rentals)[2]$4.4 million (worldwide)[1],3.3,24.045
226,Un Flic,Jean-Pierre Melville,1972,Crime,0 days 01:40:00,Harvard Film Archive,9/14/24,7:00 PM,https://en.wikipedia.org/wiki/Un_flic,"$8.8 million[1]
1,464,806 admissions (France)[2]",8.8,41.80833333
227,Dark Passage,Delmer Daves,1947,Romance,0 days 01:46:00,The Brattle,9/14/24,4:45 PM,https://en.wikipedia.org/wiki/Dark_Passage_(film),$3.4 million[1][2],3.4,22.33166667
228,Dogville,Lars von Trier,2003,Crime,0 days 02:58:00,The Brattle,9/15/24,7:30 PM,https://en.wikipedia.org/wiki/Dogville,$16.7 million[7],16.7,184
229,Le Cercle Rouge,Jean-Pierre Melville,1970,Crime,0 days 02:20:00,Harvard Film Archive,9/15/24,7:00 PM,https://en.wikipedia.org/wiki/Le_Cercle_Rouge,"4,525,820 admissions (France)[1][2]",0.452582,38.84166667
230,Hackers,Iain Softley,1995,Action,0 days 01:47:00,Somerville Theatre,9/15/24,6:00 PM,https://en.wikipedia.org/wiki/Hackers_(film),$7.5 million[2],7.5,152.3833333
231,How to Marry a Millionaire,Jean Negulesco,1953,Comedy,0 days 01:35:00,The Brattle,9/15/24,4:45 PM,https://en.wikipedia.org/wiki/How_to_Marry_a_Millionaire,$8 million[2],8,26.76833333
232,Alice in Wonderland,"Clyde Geronimi, Wilfred Jackson, Hamilton Luske",1951,Animation,0 days 01:15:00,Harvard Film Archive,9/15/24,3:00 PM,https://en.wikipedia.org/wiki/Alice_in_Wonderland_(1951_film),"$2.4 million (1951, domestic)
$3.5 million (1974, domestic)",2.4,25.97333333
233,Lawrence of Arabia,David Lean,1962,Adventure,0 days 03:48:00,Coolidge Corner Theatre,9/15/24,2:00 PM,https://en.wikipedia.org/wiki/Lawrence_of_Arabia_(film),$70 million[5],70,30.25333333
234,Key Largo,John Huston,1948,Crime,0 days 01:40:00,The Brattle,9/15/24,12:00 PM,https://en.wikipedia.org/wiki/Key_Largo_(film),$3.3 million (US/Canada rentals)[2]$4.4 million (worldwide)[1],3.3,24.045
235,Written on the Wind,Douglas Sirk,1956,Drama,0 days 01:39:00,The Brattle,9/15/24,2:30 PM,https://en.wikipedia.org/wiki/Written_on_the_Wind,$4.3 million (North America rentals)[4],4.3,27.19083333
236,The Straight Story,David Lynch,1999,Drama,0 days 01:52:00,Coolidge Corner Theatre,9/16/24,7:00 PM,https://en.wikipedia.org/wiki/The_Straight_Story,$6.2 million (United States)[3],6.2,166.5833333
237,Wheel of Fortune and Fantasy,Ryūsuke Hamaguchi,2021,Drama,0 days 02:01:00,Harvard Film Archive,9/16/24,7:00 PM,https://en.wikipedia.org/wiki/Wheel_of_Fortune_and_Fantasy,"$471,339[8]",0.471339,270.9658333
238,Harper,Jack Smight,1966,Mystery,0 days 02:01:00,The Brattle,9/16/24,8:00 PM,https://en.wikipedia.org/wiki/Harper_(film),$12 million[1],12,32.47083333
239,Vertigo,Alfred Hitchcock,1958,Mystery,0 days 02:09:00,Coolidge Corner Theatre,9/17/24,7:30 PM,https://en.wikipedia.org/wiki/Vertigo_(film),$7.3 million[4],7.3,28.88083333
240,Murder on the Orient Express,Sidney Lumet,1974,Drama,0 days 02:08:00,The Brattle,9/17/24,8:00 PM,https://en.wikipedia.org/wiki/Murder_on_the_Orient_Express_(1974_film),$37.7 million[4],37.7,49.31666667
241,Harper,Jack Smight,1966,Mystery,0 days 02:01:00,The Brattle,9/18/24,8:00 PM,https://en.wikipedia.org/wiki/Harper_(film),$12 million[1],12,32.47083333
242,Once Upon a Time... in Hollywood,Quentin Tarantino,2019,Comedy,0 days 02:42:00,Coolidge Corner Theatre,9/18/24,7:30 PM,https://en.wikipedia.org/wiki/Once_Upon_a_Time_in_Hollywood,$377.6 million[4],377.6,255.6525833
243,But I'm a Cheerleader,Jamie Babbit,2000,Comedy,0 days 01:25:00,Coolidge Corner Theatre,9/19/24,9:55 PM,https://en.wikipedia.org/wiki/But_I'm_a_Cheerleader,$2.6 million[1],2.6,172.1916667
244,Grease,Randal Kleiser,1978,Romance,0 days 01:50:00,Coolidge Corner Theatre,9/19/24,7:00 PM,https://en.wikipedia.org/wiki/Grease_(film),$396.3 million[2],396.3,65.24166667
245,Donnie Darko,Richard Kelly,2001,Fantasy,0 days 01:54:00,Museum of Fine Arts,9/19/24,7:00 PM,https://en.wikipedia.org/wiki/Donnie_Darko,$7.5 million[3],7.5,177.0416667
246,Written on the Wind,Douglas Sirk,1956,Drama,0 days 01:39:00,The Brattle,9/19/24,4:00 PM,https://en.wikipedia.org/wiki/Written_on_the_Wind,$4.3 million (North America rentals)[4],4.3,27.19083333
247,Spartacus,Stanley Kubrick,1960,History,0 days 03:17:00,Coolidge Corner Theatre,9/20/24,7:30 PM,https://en.wikipedia.org/wiki/Spartacus_(film),$60 million (initial release),60,29.585
248,Naked Acts,Bridgett M. Davis,1996,Comedy,0 days 01:27:00,The Brattle,9/20/24,8:00 PM,https://en.wikipedia.org/wiki/Crash_(1996_film),$23.2 million[4],23.2,156.8583333
249,Inception,Christopher Nolan,2010,Action,0 days 02:28:00,Coolidge Corner Theatre,9/21/24,7:30 PM,https://en.wikipedia.org/wiki/Inception,$839 million[3],839,218.0761667
250,Naked Acts,Bridgett M. Davis,1996,Comedy,0 days 01:27:00,The Brattle,9/21/24,7:00 PM,https://en.wikipedia.org/wiki/Crash_(1996_film),$23.2 million[4],23.2,156.8583333
251,Drive My Car,Ryūsuke Hamaguchi,2021,Drama,0 days 02:59:00,Harvard Film Archive,9/21/24,6:00 PM,https://en.wikipedia.org/wiki/Drive_My_Car_(film),$15.4 million[2][3],15.4,270.9658333
252,The Room,Tommy Wiseau,2003,Drama,0 days 01:39:00,Coolidge Corner Theatre,9/21/24,11:59 PM,https://en.wikipedia.org/wiki/The_Room,$5.2 million[3],5.2,184
253,Army of Shadows,Jean-Pierre Melville,1969,War,0 days 02:25:00,Harvard Film Archive,9/22/24,7:00 PM,https://en.wikipedia.org/wiki/Army_of_Shadows,"$921,314[1]",0.921314,36.68333333
254,Naked Acts,Bridgett M. Davis,1996,Comedy,0 days 01:27:00,The Brattle,9/22/24,12:30 PM,https://en.wikipedia.org/wiki/Crash_(1996_film),$23.2 million[4],23.2,156.8583333
255,The Sound of Music,Robert Wise,1965,Drama,0 days 02:54:00,Coolidge Corner Theatre,9/22/24,2:00 PM,https://en.wikipedia.org/wiki/The_Sound_of_Music_(film),$286.2 million[2],286.2,31.52833333
256,"Léon Morin, Priest",Jean-Pierre Melville,1961,Drama,0 days 01:57:00,Harvard Film Archive,9/22/24,3:00 PM,"https://en.wikipedia.org/wiki/Léon_Morin,_Priest","1,703,758 admissions (France)[1]",0.170375,29.90166667
257,Spartacus,Stanley Kubrick,1960,History,0 days 03:17:00,Coolidge Corner Theatre,9/23/24,7:30 PM,https://en.wikipedia.org/wiki/Spartacus_(film),$60 million (initial release),60,29.585
258,Gift,Ryūsuke Hamaguchi,2023,Music,0 days 01:14:00,Harvard Film Archive,9/23/24,6:00 PM,https://en.wikipedia.org/wiki/Evil_Does_Not_Exist,US$3.2 million[2],3.2,304.70075
259,La Dolce Vita,Federico Fellini,1960,Comedy,0 days 02:56:00,The Brattle,9/23/24,4:00 PM,https://en.wikipedia.org/wiki/La_dolce_vita,"$19.5 million (US)
16.6 million tickets (Italy/France)",19.5,29.585
260,Dial M for Murder,Alfred Hitchcock,1954,Thriller,0 days 01:45:00,Somerville Theatre,9/24/24,8:55 PM,https://en.wikipedia.org/wiki/Dial_M_for_Murder,$6 million[3],6,26.865
261,Bill & Ted's Bogus Journey,Peter Hewitt,1991,Adventure,0 days 01:33:00,Mount Auburn Cemetery,9/24/24,8:30 PM,https://en.wikipedia.org/wiki/Bill_&_Ted's_Bogus_Journey,$38 million (US)[3],38,136.1666667
262,Strangers on a Train,Alfred Hitchcock,1951,Crime,0 days 01:41:00,Somerville Theatre,9/24/24,7:00 PM,https://en.wikipedia.org/wiki/Strangers_on_a_Train_(film),$7 million[2],7,25.97333333
263,Join or Die,"Pete Davis, Rebecca Davis",2024,Documentary,0 days 01:39:00,Coolidge Corner Theatre,9/24/24,7:00 PM,https://en.wikipedia.org/wiki/Bad_Boys:_Ride_or_Die,$403.6 million[3][4],403.6,312.513125
264,8½,Federico Fellini,1963,Drama,0 days 02:19:00,The Brattle,9/24/24,4:00 PM,https://en.wikipedia.org/wiki/8½,$3.5 million (US/Canada rentals)[2],3.5,30.63333333
265,Inception,Christopher Nolan,2010,Action,0 days 02:28:00,Coolidge Corner Theatre,9/25/24,7:30 PM,https://en.wikipedia.org/wiki/Inception,$839 million[3],839,218.0761667
266,Easy A,Will Gluck,2010,Comedy,0 days 01:33:00,Coolidge Corner Theatre,9/26/24,7:00 PM,https://en.wikipedia.org/wiki/Easy_Money_(2010_film),SEK 59.1 million[2],59.1,218.0761667
267,Le Samouraï,Jean-Pierre Melville,1967,Crime,0 days 01:45:00,Harvard Film Archive,9/27/24,7:00 PM,https://en.wikipedia.org/wiki/Le_Samouraï,"1.9 million admissions (France)[4] $218,495 (US re-release)[5][6]",1.9,33.375
268,The Sicilian Clan,Henri Verneuil,1969,Crime,0 days 01:57:00,Harvard Film Archive,9/27/24,9:15 PM,https://en.wikipedia.org/wiki/The_Sicilian_Clan,$9 million (rentals)[5],9,36.68333333
269,Breathless,Jean-Luc Godard,1960,Drama,0 days 01:30:00,Harvard Film Archive,9/28/24,7:00 PM,https://en.wikipedia.org/wiki/Breathless_(1960_film),"2,295,912 admissions (France)[2][3]",0.229591,29.585
270,Le Cercle Rouge,Jean-Pierre Melville,1970,Crime,0 days 02:20:00,Harvard Film Archive,9/29/24,7:00 PM,https://en.wikipedia.org/wiki/Le_Cercle_Rouge,"4,525,820 admissions (France)[1][2]",0.452582,38.84166667
271,Twilight,Catherine Hardwicke,2008,Fantasy,0 days 02:02:00,Coolidge Corner Theatre,9/29/24,11:00 PM,https://en.wikipedia.org/wiki/Twilight_(2008_film),$408.4 million[5],408.4,215.25425
272,The Big Risk,Claude Sautet,1960,Crime,0 days 01:50:00,Harvard Film Archive,9/30/24,7:00 PM,https://en.wikipedia.org/wiki/The_Alamo_(1960_film),$20 million (US/Canada)[2],20,29.585
273,Training Day,Antoine Fuqua,2001,Action,0 days 02:02:00,Coolidge Corner Theatre,9/30/24,7:00 PM,https://en.wikipedia.org/wiki/Training_Day,$104.9 million,104.9,177.0416667